YEAR,LAUREATE,NAME_ORDER,URL,FIELD
1901,Jacobus Henricus van 't Hoff,1,/wiki/Jacobus_Henricus_van_%27t_Hoff,Chemistry
1901,Sully Prudhomme,1,/wiki/Sully_Prudhomme,Literature
1901,Emil von Behring,1,/wiki/Emil_von_Behring,Medicine
1901,Henry Dunant,1,/wiki/Henry_Dunant,Peace
1901,Frédéric Passy,2,/wiki/Fr%C3%A9d%C3%A9ric_Passy,Peace
1901,Wilhelm Röntgen,1,/wiki/Wilhelm_R%C3%B6ntgen,Physics
1902,Emil Fischer,1,/wiki/Emil_Fischer,Chemistry
1902,Theodor Mommsen,1,/wiki/Theodor_Mommsen,Literature
1902,Ronald Ross,1,/wiki/Ronald_Ross,Medicine
1902,Élie Ducommun,1,/wiki/%C3%89lie_Ducommun,Peace
1902,Charles Albert Gobat,2,/wiki/Charles_Albert_Gobat,Peace
1902,Hendrik Lorentz,1,/wiki/Hendrik_Lorentz,Physics
1902,Pieter Zeeman,2,/wiki/Pieter_Zeeman,Physics
1903,Svante Arrhenius,1,/wiki/Svante_Arrhenius,Chemistry
1903,Bjørnstjerne Bjørnson,1,/wiki/Bj%C3%B8rnstjerne_Bj%C3%B8rnson,Literature
1903,Niels Ryberg Finsen,1,/wiki/Niels_Ryberg_Finsen,Medicine
1903,Randal Cremer,1,/wiki/Randal_Cremer,Peace
1903,Henri Becquerel,1,/wiki/Henri_Becquerel,Physics
1903,Pierre Curie,2,/wiki/Pierre_Curie,Physics
1903,Marie Curie,3,/wiki/Marie_Curie,Physics
1904,William Ramsay,1,/wiki/William_Ramsay,Chemistry
1904,Frédéric Mistral,1,/wiki/Fr%C3%A9d%C3%A9ric_Mistral,Literature
1904,José Echegaray,2,/wiki/Jos%C3%A9_Echegaray,Literature
1904,Ivan Pavlov,1,/wiki/Ivan_Pavlov,Medicine
1904,Institut de Droit International,1,/wiki/Institut_de_Droit_International,Peace
1904,Lord Rayleigh,1,"/wiki/John_Strutt,_3rd_Baron_Rayleigh",Physics
1905,Adolf von Baeyer,1,/wiki/Adolf_von_Baeyer,Chemistry
1905,Henryk Sienkiewicz,1,/wiki/Henryk_Sienkiewicz,Literature
1905,Robert Koch,1,/wiki/Robert_Koch,Medicine
1905,Bertha von Suttner,1,/wiki/Bertha_von_Suttner,Peace
1905,Philipp Lenard,1,/wiki/Philipp_Lenard,Physics
1906,Henri Moissan,1,/wiki/Henri_Moissan,Chemistry
1906,Giosuè Carducci,1,/wiki/Giosu%C3%A8_Carducci,Literature
1906,Camillo Golgi,1,/wiki/Camillo_Golgi,Medicine
1906,Santiago Ramón y Cajal,2,/wiki/Santiago_Ram%C3%B3n_y_Cajal,Medicine
1906,Theodore Roosevelt,1,/wiki/Theodore_Roosevelt,Peace
1906,J. J. Thomson,1,/wiki/J._J._Thomson,Physics
1907,Eduard Buchner,1,/wiki/Eduard_Buchner,Chemistry
1907,Rudyard Kipling,1,/wiki/Rudyard_Kipling,Literature
1907,Charles Louis Alphonse Laveran,1,/wiki/Charles_Louis_Alphonse_Laveran,Medicine
1907,Ernesto Teodoro Moneta,1,/wiki/Ernesto_Teodoro_Moneta,Peace
1907,Louis Renault,2,/wiki/Louis_Renault_(jurist),Peace
1907,Albert A. Michelson,1,/wiki/Albert_A._Michelson,Physics
1908,Ernest Rutherford,1,/wiki/Ernest_Rutherford,Chemistry
1908,Rudolf Christoph Eucken,1,/wiki/Rudolf_Christoph_Eucken,Literature
1908,Élie Metchnikoff,1,/wiki/%C3%89lie_Metchnikoff,Medicine
1908,Paul Ehrlich,2,/wiki/Paul_Ehrlich,Medicine
1908,Klas Pontus Arnoldson,1,/wiki/Klas_Pontus_Arnoldson,Peace
1908,Fredrik Bajer,2,/wiki/Fredrik_Bajer,Peace
1908,Gabriel Lippmann,1,/wiki/Gabriel_Lippmann,Physics
1909,Wilhelm Ostwald,1,/wiki/Wilhelm_Ostwald,Chemistry
1909,Selma Lagerlöf,1,/wiki/Selma_Lagerl%C3%B6f,Literature
1909,Emil Theodor Kocher,1,/wiki/Emil_Theodor_Kocher,Medicine
1909,Auguste Beernaert,1,/wiki/Auguste_Beernaert,Peace
1909,Paul Henri Balluet d'Estournelles de Constant,2,/wiki/Paul_Henri_Balluet_d%27Estournelles_de_Constant,Peace
1909,Karl Ferdinand Braun,1,/wiki/Karl_Ferdinand_Braun,Physics
1909,Guglielmo Marconi,2,/wiki/Guglielmo_Marconi,Physics
1910,Otto Wallach,1,/wiki/Otto_Wallach,Chemistry
1910,Paul Heyse,1,/wiki/Paul_Heyse,Literature
1910,Albrecht Kossel,1,/wiki/Albrecht_Kossel,Medicine
1910,International Peace Bureau,1,/wiki/International_Peace_Bureau,Peace
1910,Johannes Diderik van der Waals,1,/wiki/Johannes_Diderik_van_der_Waals,Physics
1911,Marie Curie,1,/wiki/Marie_Curie,Chemistry
1911,Maurice Maeterlinck,1,/wiki/Maurice_Maeterlinck,Literature
1911,Allvar Gullstrand,1,/wiki/Allvar_Gullstrand,Medicine
1911,Tobias Asser,1,/wiki/Tobias_Asser,Peace
1911,Alfred Hermann Fried,2,/wiki/Alfred_Hermann_Fried,Peace
1911,Wilhelm Wien,1,/wiki/Wilhelm_Wien,Physics
1912,Victor Grignard,1,/wiki/Victor_Grignard,Chemistry
1912,Paul Sabatier,2,/wiki/Paul_Sabatier_(chemist),Chemistry
1912,Gerhart Hauptmann,1,/wiki/Gerhart_Hauptmann,Literature
1912,Alexis Carrel,1,/wiki/Alexis_Carrel,Medicine
1912,Elihu Root,1,/wiki/Elihu_Root,Peace
1912,Gustaf Dalén,1,/wiki/Gustaf_Dal%C3%A9n,Physics
1913,Alfred Werner,1,/wiki/Alfred_Werner,Chemistry
1913,Rabindranath Tagore,1,/wiki/Rabindranath_Tagore,Literature
1913,Charles Richet,1,/wiki/Charles_Richet,Medicine
1913,Henri La Fontaine,1,/wiki/Henri_La_Fontaine,Peace
1913,Heike Kamerlingh Onnes,1,/wiki/Heike_Kamerlingh_Onnes,Physics
1914,Theodore William Richards,1,/wiki/Theodore_William_Richards,Chemistry
1914,Robert Bárány,1,/wiki/Robert_B%C3%A1r%C3%A1ny,Medicine
1914,Max von Laue,1,/wiki/Max_von_Laue,Physics
1915,Richard Willstätter,1,/wiki/Richard_Willst%C3%A4tter,Chemistry
1915,Romain Rolland,1,/wiki/Romain_Rolland,Literature
1915,William Henry Bragg,1,/wiki/William_Henry_Bragg,Physics
1915,Lawrence Bragg,2,/wiki/Lawrence_Bragg,Physics
1916,Verner von Heidenstam,1,/wiki/Verner_von_Heidenstam,Literature
1917,Karl Adolph Gjellerup,1,/wiki/Karl_Adolph_Gjellerup,Literature
1917,Henrik Pontoppidan,2,/wiki/Henrik_Pontoppidan,Literature
1917,International Committee of the Red Cross,1,/wiki/International_Committee_of_the_Red_Cross,Peace
1917,Charles Glover Barkla,1,/wiki/Charles_Glover_Barkla,Physics
1918,Fritz Haber,1,/wiki/Fritz_Haber,Chemistry
1918,Max Planck,1,/wiki/Max_Planck,Physics
1919,Carl Spitteler,1,/wiki/Carl_Spitteler,Literature
1919,Jules Bordet,1,/wiki/Jules_Bordet,Medicine
1919,Woodrow Wilson,1,/wiki/Woodrow_Wilson,Peace
1919,Johannes Stark,1,/wiki/Johannes_Stark,Physics
1920,Walther Nernst,1,/wiki/Walther_Nernst,Chemistry
1920,Knut Hamsun,1,/wiki/Knut_Hamsun,Literature
1920,August Krogh,1,/wiki/August_Krogh,Medicine
1920,Léon Bourgeois,1,/wiki/L%C3%A9on_Bourgeois,Peace
1920,Charles Édouard Guillaume,1,/wiki/Charles_%C3%89douard_Guillaume,Physics
1921,Frederick Soddy,1,/wiki/Frederick_Soddy,Chemistry
1921,Anatole France,1,/wiki/Anatole_France,Literature
1921,Hjalmar Branting,1,/wiki/Hjalmar_Branting,Peace
1921,Christian Lous Lange,2,/wiki/Christian_Lous_Lange,Peace
1921,Albert Einstein,1,/wiki/Albert_Einstein,Physics
1922,Francis William Aston,1,/wiki/Francis_William_Aston,Chemistry
1922,Jacinto Benavente,1,/wiki/Jacinto_Benavente,Literature
1922,Archibald Hill,1,/wiki/Archibald_Hill,Medicine
1922,Otto Fritz Meyerhof,2,/wiki/Otto_Fritz_Meyerhof,Medicine
1922,Fridtjof Nansen,1,/wiki/Fridtjof_Nansen,Peace
1922,Niels Bohr,1,/wiki/Niels_Bohr,Physics
1923,Fritz Pregl,1,/wiki/Fritz_Pregl,Chemistry
1923,W. B. Yeats,1,/wiki/W._B._Yeats,Literature
1923,Frederick Banting,1,/wiki/Frederick_Banting,Medicine
1923,John Macleod,2,/wiki/John_Macleod_(physiologist),Medicine
1923,Robert Andrews Millikan,1,/wiki/Robert_Andrews_Millikan,Physics
1924,Władysław Reymont,1,/wiki/W%C5%82adys%C5%82aw_Reymont,Literature
1924,Willem Einthoven,1,/wiki/Willem_Einthoven,Medicine
1924,Manne Siegbahn,1,/wiki/Manne_Siegbahn,Physics
1925,Richard Adolf Zsigmondy,1,/wiki/Richard_Adolf_Zsigmondy,Chemistry
1925,George Bernard Shaw,1,/wiki/George_Bernard_Shaw,Literature
1925,Austen Chamberlain,1,/wiki/Austen_Chamberlain,Peace
1925,Charles G. Dawes,2,/wiki/Charles_G._Dawes,Peace
1925,James Franck,1,/wiki/James_Franck,Physics
1925,Gustav Ludwig Hertz,2,/wiki/Gustav_Ludwig_Hertz,Physics
1926,Theodor Svedberg,1,/wiki/Theodor_Svedberg,Chemistry
1926,Grazia Deledda,1,/wiki/Grazia_Deledda,Literature
1926,Johannes Fibiger,1,/wiki/Johannes_Fibiger,Medicine
1926,Aristide Briand,1,/wiki/Aristide_Briand,Peace
1926,Gustav Stresemann,2,/wiki/Gustav_Stresemann,Peace
1926,Jean Baptiste Perrin,1,/wiki/Jean_Baptiste_Perrin,Physics
1927,Heinrich Otto Wieland,1,/wiki/Heinrich_Otto_Wieland,Chemistry
1927,Henri Bergson,1,/wiki/Henri_Bergson,Literature
1927,Julius Wagner-Jauregg,1,/wiki/Julius_Wagner-Jauregg,Medicine
1927,Ferdinand Buisson,1,/wiki/Ferdinand_Buisson,Peace
1927,Ludwig Quidde,2,/wiki/Ludwig_Quidde,Peace
1927,Arthur Compton,1,/wiki/Arthur_Compton,Physics
1927,Charles Thomson Rees Wilson,2,/wiki/Charles_Thomson_Rees_Wilson,Physics
1928,Adolf Windaus,1,/wiki/Adolf_Windaus,Chemistry
1928,Sigrid Undset,1,/wiki/Sigrid_Undset,Literature
1928,Charles Nicolle,1,/wiki/Charles_Nicolle,Medicine
1928,Owen Willans Richardson,1,/wiki/Owen_Willans_Richardson,Physics
1929,Arthur Harden,1,/wiki/Arthur_Harden,Chemistry
1929,Hans von Euler-Chelpin,2,/wiki/Hans_von_Euler-Chelpin,Chemistry
1929,Thomas Mann,1,/wiki/Thomas_Mann,Literature
1929,Christiaan Eijkman,1,/wiki/Christiaan_Eijkman,Medicine
1929,Frederick Gowland Hopkins,2,/wiki/Frederick_Gowland_Hopkins,Medicine
1929,Frank B. Kellogg,1,/wiki/Frank_B._Kellogg,Peace
1929,Louis de Broglie,1,/wiki/Louis_de_Broglie,Physics
1930,Hans Fischer,1,/wiki/Hans_Fischer,Chemistry
1930,Sinclair Lewis,1,/wiki/Sinclair_Lewis,Literature
1930,Karl Landsteiner,1,/wiki/Karl_Landsteiner,Medicine
1930,Nathan Söderblom,1,/wiki/Nathan_S%C3%B6derblom,Peace
1930,C. V. Raman,1,/wiki/C._V._Raman,Physics
1931,Carl Bosch,1,/wiki/Carl_Bosch,Chemistry
1931,Friedrich Bergius,2,/wiki/Friedrich_Bergius,Chemistry
1931,Erik Axel Karlfeldt,1,/wiki/Erik_Axel_Karlfeldt,Literature
1931,Otto Heinrich Warburg,1,/wiki/Otto_Heinrich_Warburg,Medicine
1931,Jane Addams,1,/wiki/Jane_Addams,Peace
1931,Nicholas Murray Butler,2,/wiki/Nicholas_Murray_Butler,Peace
1932,Irving Langmuir,1,/wiki/Irving_Langmuir,Chemistry
1932,John Galsworthy,1,/wiki/John_Galsworthy,Literature
1932,Charles Scott Sherrington,1,/wiki/Charles_Scott_Sherrington,Medicine
1932,Edgar Adrian,2,/wiki/Edgar_Adrian,Medicine
1932,Werner Heisenberg,1,/wiki/Werner_Heisenberg,Physics
1933,Ivan Bunin,1,/wiki/Ivan_Bunin,Literature
1933,Thomas Hunt Morgan,1,/wiki/Thomas_Hunt_Morgan,Medicine
1933,Norman Angell,1,/wiki/Norman_Angell,Peace
1933,Erwin Schrödinger,1,/wiki/Erwin_Schr%C3%B6dinger,Physics
1933,Paul Dirac,2,/wiki/Paul_Dirac,Physics
1934,Harold Urey,1,/wiki/Harold_Urey,Chemistry
1934,Luigi Pirandello,1,/wiki/Luigi_Pirandello,Literature
1934,George Whipple,1,/wiki/George_Whipple,Medicine
1934,George Minot,2,/wiki/George_Minot,Medicine
1934,William P. Murphy,3,/wiki/William_P._Murphy,Medicine
1934,Arthur Henderson,1,/wiki/Arthur_Henderson,Peace
1935,Frédéric Joliot-Curie,1,/wiki/Fr%C3%A9d%C3%A9ric_Joliot-Curie,Chemistry
1935,Irène Joliot-Curie,2,/wiki/Ir%C3%A8ne_Joliot-Curie,Chemistry
1935,Hans Spemann,1,/wiki/Hans_Spemann,Medicine
1935,Carl von Ossietzky,1,/wiki/Carl_von_Ossietzky,Peace
1935,James Chadwick,1,/wiki/James_Chadwick,Physics
1936,Peter Debye,1,/wiki/Peter_Debye,Chemistry
1936,Eugene O'Neill,1,/wiki/Eugene_O%27Neill,Literature
1936,Henry Hallett Dale,1,/wiki/Henry_Hallett_Dale,Medicine
1936,Otto Loewi,2,/wiki/Otto_Loewi,Medicine
1936,Carlos Saavedra Lamas,1,/wiki/Carlos_Saavedra_Lamas,Peace
1936,Victor Francis Hess,1,/wiki/Victor_Francis_Hess,Physics
1936,Carl David Anderson,2,/wiki/Carl_David_Anderson,Physics
1937,Norman Haworth,1,/wiki/Norman_Haworth,Chemistry
1937,Paul Karrer,2,/wiki/Paul_Karrer,Chemistry
1937,Roger Martin du Gard,1,/wiki/Roger_Martin_du_Gard,Literature
1937,Albert Szent-Györgyi,1,/wiki/Albert_Szent-Gy%C3%B6rgyi,Medicine
1937,"Robert Cecil, 1st Viscount Cecil of Chelwood",1,"/wiki/Robert_Cecil,_1st_Viscount_Cecil_of_Chelwood",Peace
1937,Clinton Davisson,1,/wiki/Clinton_Davisson,Physics
1937,George Paget Thomson,2,/wiki/George_Paget_Thomson,Physics
1938,Richard Kuhn,1,/wiki/Richard_Kuhn,Chemistry
1938,Pearl S. Buck,1,/wiki/Pearl_S._Buck,Literature
1938,Corneille Heymans,1,/wiki/Corneille_Heymans,Medicine
1938,Nansen International Office for Refugees,1,/wiki/Nansen_International_Office_for_Refugees,Peace
1938,Enrico Fermi,1,/wiki/Enrico_Fermi,Physics
1939,Adolf Butenandt,1,/wiki/Adolf_Butenandt,Chemistry
1939,,2,#cite_note-A-15,Chemistry
1939,Frans Eemil Sillanpää,1,/wiki/Frans_Eemil_Sillanp%C3%A4%C3%A4,Literature
1939,Gerhard Domagk,1,/wiki/Gerhard_Domagk,Medicine
1939,Ernest Lawrence,1,/wiki/Ernest_Lawrence,Physics
1940,Cancelled due to World War II,1,No Record,Physics
1943,George de Hevesy,1,/wiki/George_de_Hevesy,Chemistry
1943,Henrik Dam,1,/wiki/Henrik_Dam,Medicine
1943,Edward Adelbert Doisy,2,/wiki/Edward_Adelbert_Doisy,Medicine
1943,Otto Stern,1,/wiki/Otto_Stern,Physics
1944,Otto Hahn,1,/wiki/Otto_Hahn,Chemistry
1944,Johannes V. Jensen,1,/wiki/Johannes_V._Jensen,Literature
1944,Joseph Erlanger,1,/wiki/Joseph_Erlanger,Medicine
1944,Herbert Spencer Gasser,2,/wiki/Herbert_Spencer_Gasser,Medicine
1944,International Committee of the Red Cross,1,/wiki/International_Committee_of_the_Red_Cross,Peace
1944,Isidor Isaac Rabi,1,/wiki/Isidor_Isaac_Rabi,Physics
1945,Artturi Ilmari Virtanen,1,/wiki/Artturi_Ilmari_Virtanen,Chemistry
1945,Gabriela Mistral,1,/wiki/Gabriela_Mistral,Literature
1945,Alexander Fleming,1,/wiki/Alexander_Fleming,Medicine
1945,Ernst Chain,2,/wiki/Ernst_Chain,Medicine
1945,Howard Florey,3,/wiki/Howard_Florey,Medicine
1945,Cordell Hull,1,/wiki/Cordell_Hull,Peace
1945,Wolfgang Pauli,1,/wiki/Wolfgang_Pauli,Physics
1946,James B. Sumner,1,/wiki/James_B._Sumner,Chemistry
1946,John Howard Northrop,2,/wiki/John_Howard_Northrop,Chemistry
1946,Wendell Meredith Stanley,3,/wiki/Wendell_Meredith_Stanley,Chemistry
1946,Hermann Hesse,1,/wiki/Hermann_Hesse,Literature
1946,Hermann Joseph Muller,1,/wiki/Hermann_Joseph_Muller,Medicine
1946,Emily Greene Balch,1,/wiki/Emily_Greene_Balch,Peace
1946,John Mott,2,/wiki/John_Mott,Peace
1946,Percy Williams Bridgman,1,/wiki/Percy_Williams_Bridgman,Physics
1947,Robert Robinson,1,/wiki/Robert_Robinson_(organic_chemist),Chemistry
1947,André Gide,1,/wiki/Andr%C3%A9_Gide,Literature
1947,Carl Ferdinand Cori,1,/wiki/Carl_Ferdinand_Cori,Medicine
1947,Gerty Cori,2,/wiki/Gerty_Cori,Medicine
1947,Bernardo Houssay,3,/wiki/Bernardo_Houssay,Medicine
1947,Friends Service Council,1,/wiki/Quaker_Peace_and_Social_Witness,Peace
1947,American Friends Service Committee,2,/wiki/American_Friends_Service_Committee,Peace
1947,Edward Victor Appleton,1,/wiki/Edward_Victor_Appleton,Physics
1948,Arne Tiselius,1,/wiki/Arne_Tiselius,Chemistry
1948,T. S. Eliot,1,/wiki/T._S._Eliot,Literature
1948,Paul Hermann Müller,1,/wiki/Paul_Hermann_M%C3%BCller,Medicine
1948,Patrick Blackett,1,/wiki/Patrick_Blackett,Physics
1949,William Giauque,1,/wiki/William_Giauque,Chemistry
1949,William Faulkner,1,/wiki/William_Faulkner,Literature
1949,Walter Rudolf Hess,1,/wiki/Walter_Rudolf_Hess,Medicine
1949,António Egas Moniz,2,/wiki/Ant%C3%B3nio_Egas_Moniz,Medicine
1949,John Boyd Orr,1,/wiki/John_Boyd_Orr,Peace
1949,Hideki Yukawa,1,/wiki/Hideki_Yukawa,Physics
1950,Otto Diels,1,/wiki/Otto_Diels,Chemistry
1950,Kurt Alder,2,/wiki/Kurt_Alder,Chemistry
1950,Bertrand Russell,1,/wiki/Bertrand_Russell,Literature
1950,Philip Showalter Hench,1,/wiki/Philip_Showalter_Hench,Medicine
1950,Edward Calvin Kendall,2,/wiki/Edward_Calvin_Kendall,Medicine
1950,Tadeus Reichstein,3,/wiki/Tadeus_Reichstein,Medicine
1950,Ralph Bunche,1,/wiki/Ralph_Bunche,Peace
1950,C. F. Powell,1,/wiki/C._F._Powell,Physics
1951,Edwin McMillan,1,/wiki/Edwin_McMillan,Chemistry
1951,Glenn T. Seaborg,2,/wiki/Glenn_T._Seaborg,Chemistry
1951,Pär Lagerkvist,1,/wiki/P%C3%A4r_Lagerkvist,Literature
1951,Max Theiler,1,/wiki/Max_Theiler,Medicine
1951,Léon Jouhaux,1,/wiki/L%C3%A9on_Jouhaux,Peace
1951,John Cockcroft,1,/wiki/John_Cockcroft,Physics
1951,Ernest Walton,2,/wiki/Ernest_Walton,Physics
1952,Archer Martin,1,/wiki/Archer_Martin,Chemistry
1952,Richard Laurence Millington Synge,2,/wiki/Richard_Laurence_Millington_Synge,Chemistry
1952,François Mauriac,1,/wiki/Fran%C3%A7ois_Mauriac,Literature
1952,Selman Waksman,1,/wiki/Selman_Waksman,Medicine
1952,Albert Schweitzer,1,/wiki/Albert_Schweitzer,Peace
1952,Felix Bloch,1,/wiki/Felix_Bloch,Physics
1952,Edward Mills Purcell,2,/wiki/Edward_Mills_Purcell,Physics
1953,Hermann Staudinger,1,/wiki/Hermann_Staudinger,Chemistry
1953,Winston Churchill,1,/wiki/Winston_Churchill,Literature
1953,Hans Adolf Krebs,1,/wiki/Hans_Adolf_Krebs,Medicine
1953,Fritz Albert Lipmann,2,/wiki/Fritz_Albert_Lipmann,Medicine
1953,George Marshall,1,/wiki/George_Marshall,Peace
1953,Frits Zernike,1,/wiki/Frits_Zernike,Physics
1954,Linus Pauling,1,/wiki/Linus_Pauling,Chemistry
1954,Ernest Hemingway,1,/wiki/Ernest_Hemingway,Literature
1954,John Franklin Enders,1,/wiki/John_Franklin_Enders,Medicine
1954,Frederick Chapman Robbins,2,/wiki/Frederick_Chapman_Robbins,Medicine
1954,Thomas Huckle Weller,3,/wiki/Thomas_Huckle_Weller,Medicine
1954,United Nations High Commissioner for Refugees,1,/wiki/United_Nations_High_Commissioner_for_Refugees,Peace
1954,Max Born,1,/wiki/Max_Born,Physics
1954,Walther Bothe,2,/wiki/Walther_Bothe,Physics
1955,Vincent du Vigneaud,1,/wiki/Vincent_du_Vigneaud,Chemistry
1955,Halldór Laxness,1,/wiki/Halld%C3%B3r_Laxness,Literature
1955,Hugo Theorell,1,/wiki/Hugo_Theorell,Medicine
1955,Willis Lamb,1,/wiki/Willis_Lamb,Physics
1955,Polykarp Kusch,2,/wiki/Polykarp_Kusch,Physics
1956,Cyril Norman Hinshelwood,1,/wiki/Cyril_Norman_Hinshelwood,Chemistry
1956,Nikolay Semyonov,2,/wiki/Nikolay_Semyonov,Chemistry
1956,Juan Ramón Jiménez,1,/wiki/Juan_Ram%C3%B3n_Jim%C3%A9nez,Literature
1956,André Frédéric Cournand,1,/wiki/Andr%C3%A9_Fr%C3%A9d%C3%A9ric_Cournand,Medicine
1956,Werner Forssmann,2,/wiki/Werner_Forssmann,Medicine
1956,Dickinson W. Richards,3,/wiki/Dickinson_W._Richards,Medicine
1956,John Bardeen,1,/wiki/John_Bardeen,Physics
1956,Walter Houser Brattain,2,/wiki/Walter_Houser_Brattain,Physics
1956,William Shockley,3,/wiki/William_Shockley,Physics
1957,The Lord Todd,1,/wiki/Alexander_R._Todd,Chemistry
1957,Albert Camus,1,/wiki/Albert_Camus,Literature
1957,Daniel Bovet,1,/wiki/Daniel_Bovet,Medicine
1957,Lester B. Pearson,1,/wiki/Lester_B._Pearson,Peace
1957,Yang Chen-Ning,1,/wiki/Yang_Chen-Ning,Physics
1957,Tsung-Dao Lee,2,/wiki/Tsung-Dao_Lee,Physics
1958,Frederick Sanger,1,/wiki/Frederick_Sanger,Chemistry
1958,Boris Pasternak,1,/wiki/Boris_Pasternak,Literature
1958,George Beadle,1,/wiki/George_Beadle,Medicine
1958,Edward Tatum,2,/wiki/Edward_Tatum,Medicine
1958,Joshua Lederberg,3,/wiki/Joshua_Lederberg,Medicine
1958,Dominique Pire,1,/wiki/Dominique_Pire,Peace
1958,Pavel Cherenkov,1,/wiki/Pavel_Cherenkov,Physics
1958,Ilya Frank,2,/wiki/Ilya_Frank,Physics
1958,Igor Tamm,3,/wiki/Igor_Tamm,Physics
1959,Jaroslav Heyrovský,1,/wiki/Jaroslav_Heyrovsk%C3%BD,Chemistry
1959,Salvatore Quasimodo,1,/wiki/Salvatore_Quasimodo,Literature
1959,Arthur Kornberg,1,/wiki/Arthur_Kornberg,Medicine
1959,Severo Ochoa,2,/wiki/Severo_Ochoa,Medicine
1959,Philip Noel-Baker,1,/wiki/Philip_Noel-Baker,Peace
1959,Emilio Segrè,1,/wiki/Emilio_Segr%C3%A8,Physics
1959,Owen Chamberlain,2,/wiki/Owen_Chamberlain,Physics
1960,Willard Libby,1,/wiki/Willard_Libby,Chemistry
1960,Saint-John Perse,1,/wiki/Saint-John_Perse,Literature
1960,Macfarlane Burnet,1,/wiki/Macfarlane_Burnet,Medicine
1960,Peter Medawar,2,/wiki/Peter_Medawar,Medicine
1960,Albert Lutuli,1,/wiki/Albert_Lutuli,Peace
1960,Donald A. Glaser,1,/wiki/Donald_A._Glaser,Physics
1961,Melvin Calvin,1,/wiki/Melvin_Calvin,Chemistry
1961,Ivo Andrić,1,/wiki/Ivo_Andri%C4%87,Literature
1961,Georg von Békésy,1,/wiki/Georg_von_B%C3%A9k%C3%A9sy,Medicine
1961,Dag Hammarskjöld,1,/wiki/Dag_Hammarskj%C3%B6ld,Peace
1961,Robert Hofstadter,1,/wiki/Robert_Hofstadter,Physics
1961,Rudolf Mössbauer,2,/wiki/Rudolf_M%C3%B6ssbauer,Physics
1962,Max Perutz,1,/wiki/Max_Perutz,Chemistry
1962,John Kendrew,2,/wiki/John_Kendrew,Chemistry
1962,John Steinbeck,1,/wiki/John_Steinbeck,Literature
1962,Francis Crick,1,/wiki/Francis_Crick,Medicine
1962,James Watson,2,/wiki/James_Watson,Medicine
1962,Maurice Wilkins,3,/wiki/Maurice_Wilkins,Medicine
1962,Linus Pauling,1,/wiki/Linus_Pauling,Peace
1962,Lev Landau,1,/wiki/Lev_Landau,Physics
1963,Karl Ziegler,1,/wiki/Karl_Ziegler,Chemistry
1963,Giulio Natta,2,/wiki/Giulio_Natta,Chemistry
1963,Giorgos Seferis,1,/wiki/Giorgos_Seferis,Literature
1963,John Eccles,1,/wiki/John_Eccles_(neurophysiologist),Medicine
1963,Alan Hodgkin,2,/wiki/Alan_Hodgkin,Medicine
1963,Andrew Huxley,3,/wiki/Andrew_Huxley,Medicine
1963,International Committee of the Red Cross,1,/wiki/International_Committee_of_the_Red_Cross,Peace
1963,League of Red Cross societies,2,/wiki/International_Federation_of_Red_Cross_and_Red_Crescent_Societies,Peace
1963,Eugene Wigner,1,/wiki/Eugene_Wigner,Physics
1963,Maria Goeppert Mayer,2,/wiki/Maria_Goeppert_Mayer,Physics
1963,J. Hans D. Jensen,3,/wiki/J._Hans_D._Jensen,Physics
1964,Dorothy Hodgkin,1,/wiki/Dorothy_Hodgkin,Chemistry
1964,Jean-Paul Sartre,1,/wiki/Jean-Paul_Sartre,Literature
1964,Konrad Emil Bloch,1,/wiki/Konrad_Emil_Bloch,Medicine
1964,Feodor Lynen,2,/wiki/Feodor_Lynen,Medicine
1964,Martin Luther King Jr.,1,/wiki/Martin_Luther_King_Jr.,Peace
1964,Charles H. Townes,1,/wiki/Charles_H._Townes,Physics
1964,Nikolay Basov,2,/wiki/Nikolay_Basov,Physics
1964,Alexander Prokhorov,3,/wiki/Alexander_Prokhorov,Physics
1965,Robert Burns Woodward,1,/wiki/Robert_Burns_Woodward,Chemistry
1965,Mikhail Sholokhov,1,/wiki/Mikhail_Sholokhov,Literature
1965,François Jacob,1,/wiki/Fran%C3%A7ois_Jacob,Medicine
1965,André Michel Lwoff,2,/wiki/Andr%C3%A9_Michel_Lwoff,Medicine
1965,Jacques Monod,3,/wiki/Jacques_Monod,Medicine
1965,United Nations International Children's Emergency Fund,1,/wiki/UNICEF,Peace
1965,Shin'ichirō Tomonaga,1,/wiki/Shin%27ichir%C5%8D_Tomonaga,Physics
1965,Julian Schwinger,2,/wiki/Julian_Schwinger,Physics
1965,Richard Feynman,3,/wiki/Richard_Feynman,Physics
1966,Robert S. Mulliken,1,/wiki/Robert_S._Mulliken,Chemistry
1966,Shmuel Yosef Agnon,1,/wiki/Shmuel_Yosef_Agnon,Literature
1966,Nelly Sachs,2,/wiki/Nelly_Sachs,Literature
1966,Francis Peyton Rous,1,/wiki/Francis_Peyton_Rous,Medicine
1966,Charles Brenton Huggins,2,/wiki/Charles_Brenton_Huggins,Medicine
1966,Alfred Kastler,1,/wiki/Alfred_Kastler,Physics
1967,Manfred Eigen,1,/wiki/Manfred_Eigen,Chemistry
1967,Ronald George Wreyford Norrish,2,/wiki/Ronald_George_Wreyford_Norrish,Chemistry
1967,George Porter,3,/wiki/George_Porter,Chemistry
1967,Miguel Ángel Asturias,1,/wiki/Miguel_%C3%81ngel_Asturias,Literature
1967,Ragnar Granit,1,/wiki/Ragnar_Granit,Medicine
1967,Haldan Keffer Hartline,2,/wiki/Haldan_Keffer_Hartline,Medicine
1967,George Wald,3,/wiki/George_Wald,Medicine
1967,Hans Bethe,1,/wiki/Hans_Bethe,Physics
1968,Lars Onsager,1,/wiki/Lars_Onsager,Chemistry
1968,Yasunari Kawabata,1,/wiki/Yasunari_Kawabata,Literature
1968,Robert W. Holley,1,/wiki/Robert_W._Holley,Medicine
1968,Har Gobind Khorana,2,/wiki/Har_Gobind_Khorana,Medicine
1968,Marshall Warren Nirenberg,3,/wiki/Marshall_Warren_Nirenberg,Medicine
1968,René Cassin,1,/wiki/Ren%C3%A9_Cassin,Peace
1968,Luis Walter Alvarez,1,/wiki/Luis_Walter_Alvarez,Physics
1969,Derek Barton,1,/wiki/Derek_Barton,Chemistry
1969,Odd Hassel,2,/wiki/Odd_Hassel,Chemistry
1969,Ragnar Frisch,1,/wiki/Ragnar_Frisch,Economy
1969,Jan Tinbergen,2,/wiki/Jan_Tinbergen,Economy
1969,Samuel Beckett,1,/wiki/Samuel_Beckett,Literature
1969,Max Delbrück,1,/wiki/Max_Delbr%C3%BCck,Medicine
1969,Alfred Hershey,2,/wiki/Alfred_Hershey,Medicine
1969,Salvador Luria,3,/wiki/Salvador_Luria,Medicine
1969,International Labour Organization,1,/wiki/International_Labour_Organization,Peace
1969,Murray Gell-Mann,1,/wiki/Murray_Gell-Mann,Physics
1970,Luis Federico Leloir,1,/wiki/Luis_Federico_Leloir,Chemistry
1970,Paul Samuelson,1,/wiki/Paul_Samuelson,Economy
1970,Aleksandr Solzhenitsyn,1,/wiki/Aleksandr_Solzhenitsyn,Literature
1970,Julius Axelrod,1,/wiki/Julius_Axelrod,Medicine
1970,Ulf von Euler,2,/wiki/Ulf_von_Euler,Medicine
1970,Bernard Katz,3,/wiki/Bernard_Katz,Medicine
1970,Norman Borlaug,1,/wiki/Norman_Borlaug,Peace
1970,Hannes Alfvén,1,/wiki/Hannes_Alfv%C3%A9n,Physics
1970,Louis Néel,2,/wiki/Louis_N%C3%A9el,Physics
1971,Gerhard Herzberg,1,/wiki/Gerhard_Herzberg,Chemistry
1971,Simon Kuznets,1,/wiki/Simon_Kuznets,Economy
1971,Pablo Neruda,1,/wiki/Pablo_Neruda,Literature
1971,Earl Wilbur Sutherland Jr.,1,/wiki/Earl_Wilbur_Sutherland_Jr.,Medicine
1971,Willy Brandt,1,/wiki/Willy_Brandt,Peace
1971,Dennis Gabor,1,/wiki/Dennis_Gabor,Physics
1972,Christian B. Anfinsen,1,/wiki/Christian_B._Anfinsen,Chemistry
1972,Stanford Moore,2,/wiki/Stanford_Moore,Chemistry
1972,William Howard Stein,3,/wiki/William_Howard_Stein,Chemistry
1972,John Hicks,1,/wiki/John_Hicks,Economy
1972,Kenneth Arrow,2,/wiki/Kenneth_Arrow,Economy
1972,Heinrich Böll,1,/wiki/Heinrich_B%C3%B6ll,Literature
1972,Gerald Edelman,1,/wiki/Gerald_Edelman,Medicine
1972,Rodney Robert Porter,2,/wiki/Rodney_Robert_Porter,Medicine
1972,John Bardeen,1,/wiki/John_Bardeen,Physics
1972,Leon Cooper,2,/wiki/Leon_Cooper,Physics
1972,John Robert Schrieffer,3,/wiki/John_Robert_Schrieffer,Physics
1973,Ernst Otto Fischer,1,/wiki/Ernst_Otto_Fischer,Chemistry
1973,Geoffrey Wilkinson,2,/wiki/Geoffrey_Wilkinson,Chemistry
1973,Wassily Leontief,1,/wiki/Wassily_Leontief,Economy
1973,Patrick White,1,/wiki/Patrick_White,Literature
1973,Karl von Frisch,1,/wiki/Karl_von_Frisch,Medicine
1973,Konrad Lorenz,2,/wiki/Konrad_Lorenz,Medicine
1973,Nikolaas Tinbergen,3,/wiki/Nikolaas_Tinbergen,Medicine
1973,Henry Kissinger,1,/wiki/Henry_Kissinger,Peace
1973,Lê Đức Thọ,2,/wiki/L%C3%AA_%C4%90%E1%BB%A9c_Th%E1%BB%8D,Peace
1973,Leo Esaki,1,/wiki/Leo_Esaki,Physics
1973,Ivar Giaever,2,/wiki/Ivar_Giaever,Physics
1973,Brian Josephson,3,/wiki/Brian_Josephson,Physics
1974,Paul Flory,1,/wiki/Paul_Flory,Chemistry
1974,Gunnar Myrdal,1,/wiki/Gunnar_Myrdal,Economy
1974,Friedrich Hayek,2,/wiki/Friedrich_Hayek,Economy
1974,Eyvind Johnson,1,/wiki/Eyvind_Johnson,Literature
1974,Harry Martinson,2,/wiki/Harry_Martinson,Literature
1974,Albert Claude,1,/wiki/Albert_Claude,Medicine
1974,Christian de Duve,2,/wiki/Christian_de_Duve,Medicine
1974,George Emil Palade,3,/wiki/George_Emil_Palade,Medicine
1974,Seán MacBride,1,/wiki/Se%C3%A1n_MacBride,Peace
1974,Eisaku Satō,2,/wiki/Eisaku_Sat%C5%8D,Peace
1974,Martin Ryle,1,/wiki/Martin_Ryle,Physics
1974,Antony Hewish,2,/wiki/Antony_Hewish,Physics
1975,John Cornforth,1,/wiki/John_Cornforth,Chemistry
1975,Vladimir Prelog,2,/wiki/Vladimir_Prelog,Chemistry
1975,Leonid Kantorovich,1,/wiki/Leonid_Kantorovich,Economy
1975,Tjalling Koopmans,2,/wiki/Tjalling_Koopmans,Economy
1975,Eugenio Montale,1,/wiki/Eugenio_Montale,Literature
1975,David Baltimore,1,/wiki/David_Baltimore,Medicine
1975,Renato Dulbecco,2,/wiki/Renato_Dulbecco,Medicine
1975,Howard Martin Temin,3,/wiki/Howard_Martin_Temin,Medicine
1975,Andrei Sakharov,1,/wiki/Andrei_Sakharov,Peace
1975,Aage Bohr,1,/wiki/Aage_Bohr,Physics
1975,Ben Roy Mottelson,2,/wiki/Ben_Roy_Mottelson,Physics
1975,James Rainwater,3,/wiki/James_Rainwater,Physics
1976,William Lipscomb,1,/wiki/William_Lipscomb,Chemistry
1976,Milton Friedman,1,/wiki/Milton_Friedman,Economy
1976,Saul Bellow,1,/wiki/Saul_Bellow,Literature
1976,Baruch Samuel Blumberg,1,/wiki/Baruch_Samuel_Blumberg,Medicine
1976,Daniel Carleton Gajdusek,2,/wiki/Daniel_Carleton_Gajdusek,Medicine
1976,Betty Williams,1,/wiki/Betty_Williams_(peace_activist),Peace
1976,Mairead Maguire,2,/wiki/Mairead_Maguire,Peace
1976,Burton Richter,1,/wiki/Burton_Richter,Physics
1976,Samuel C. C. Ting,2,/wiki/Samuel_C._C._Ting,Physics
1977,Ilya Prigogine,1,/wiki/Ilya_Prigogine,Chemistry
1977,Bertil Ohlin,1,/wiki/Bertil_Ohlin,Economy
1977,James Meade,2,/wiki/James_Meade,Economy
1977,Vicente Aleixandre,1,/wiki/Vicente_Aleixandre,Literature
1977,Roger Guillemin,1,/wiki/Roger_Guillemin,Medicine
1977,Andrew Schally,2,/wiki/Andrew_Schally,Medicine
1977,Rosalyn Sussman Yalow,3,/wiki/Rosalyn_Sussman_Yalow,Medicine
1977,Amnesty International,1,/wiki/Amnesty_International,Peace
1977,Philip W. Anderson,1,/wiki/Philip_W._Anderson,Physics
1977,Nevill Francis Mott,2,/wiki/Nevill_Francis_Mott,Physics
1977,John Hasbrouck Van Vleck,3,/wiki/John_Hasbrouck_Van_Vleck,Physics
1978,Peter D. Mitchell,1,/wiki/Peter_D._Mitchell,Chemistry
1978,Herbert A. Simon,1,/wiki/Herbert_A._Simon,Economy
1978,Isaac Bashevis Singer,1,/wiki/Isaac_Bashevis_Singer,Literature
1978,Werner Arber,1,/wiki/Werner_Arber,Medicine
1978,Daniel Nathans,2,/wiki/Daniel_Nathans,Medicine
1978,Hamilton O. Smith,3,/wiki/Hamilton_O._Smith,Medicine
1978,Anwar Sadat,1,/wiki/Anwar_Sadat,Peace
1978,Menachem Begin,2,/wiki/Menachem_Begin,Peace
1978,Pyotr Kapitsa,1,/wiki/Pyotr_Kapitsa,Physics
1978,Arno Allan Penzias,2,/wiki/Arno_Allan_Penzias,Physics
1978,Robert Woodrow Wilson,3,/wiki/Robert_Woodrow_Wilson,Physics
1979,Herbert C. Brown,1,/wiki/Herbert_C._Brown,Chemistry
1979,Georg Wittig,2,/wiki/Georg_Wittig,Chemistry
1979,Theodore Schultz,1,/wiki/Theodore_Schultz,Economy
1979,W. Arthur Lewis,2,/wiki/W._Arthur_Lewis,Economy
1979,Odysseas Elytis,1,/wiki/Odysseas_Elytis,Literature
1979,Allan McLeod Cormack,1,/wiki/Allan_McLeod_Cormack,Medicine
1979,Godfrey Hounsfield,2,/wiki/Godfrey_Hounsfield,Medicine
1979,Mother Teresa,1,/wiki/Mother_Teresa,Peace
1979,Sheldon Glashow,1,/wiki/Sheldon_Glashow,Physics
1979,Abdus Salam,2,/wiki/Abdus_Salam,Physics
1979,Steven Weinberg,3,/wiki/Steven_Weinberg,Physics
1980,Paul Berg,1,/wiki/Paul_Berg,Chemistry
1980,Walter Gilbert,2,/wiki/Walter_Gilbert,Chemistry
1980,Frederick Sanger,3,/wiki/Frederick_Sanger,Chemistry
1980,Lawrence Klein,1,/wiki/Lawrence_Klein,Economy
1980,Czesław Miłosz,1,/wiki/Czes%C5%82aw_Mi%C5%82osz,Literature
1980,Baruj Benacerraf,1,/wiki/Baruj_Benacerraf,Medicine
1980,Jean Dausset,2,/wiki/Jean_Dausset,Medicine
1980,George Davis Snell,3,/wiki/George_Davis_Snell,Medicine
1980,Adolfo Pérez Esquivel,1,/wiki/Adolfo_P%C3%A9rez_Esquivel,Peace
1980,James Cronin,1,/wiki/James_Cronin,Physics
1980,Val Logsdon Fitch,2,/wiki/Val_Logsdon_Fitch,Physics
1981,Kenichi Fukui,1,/wiki/Kenichi_Fukui,Chemistry
1981,Roald Hoffmann,2,/wiki/Roald_Hoffmann,Chemistry
1981,James Tobin,1,/wiki/James_Tobin,Economy
1981,Elias Canetti,1,/wiki/Elias_Canetti,Literature
1981,Roger Wolcott Sperry,1,/wiki/Roger_Wolcott_Sperry,Medicine
1981,David H. Hubel,2,/wiki/David_H._Hubel,Medicine
1981,Torsten Wiesel,3,/wiki/Torsten_Wiesel,Medicine
1981,United Nations High Commissioner for Refugees,1,/wiki/United_Nations_High_Commissioner_for_Refugees,Peace
1981,Nicolaas Bloembergen,1,/wiki/Nicolaas_Bloembergen,Physics
1981,Arthur Leonard Schawlow,2,/wiki/Arthur_Leonard_Schawlow,Physics
1981,Kai Siegbahn,3,/wiki/Kai_Siegbahn,Physics
1982,Aaron Klug,1,/wiki/Aaron_Klug,Chemistry
1982,George Stigler,1,/wiki/George_Stigler,Economy
1982,Gabriel García Márquez,1,/wiki/Gabriel_Garc%C3%ADa_M%C3%A1rquez,Literature
1982,Sune Bergström,1,/wiki/Sune_Bergstr%C3%B6m,Medicine
1982,Bengt I. Samuelsson,2,/wiki/Bengt_I._Samuelsson,Medicine
1982,John Vane,3,/wiki/John_Vane,Medicine
1982,Alva Myrdal,1,/wiki/Alva_Myrdal,Peace
1982,Alfonso García Robles,2,/wiki/Alfonso_Garc%C3%ADa_Robles,Peace
1982,Kenneth G. Wilson,1,/wiki/Kenneth_G._Wilson,Physics
1983,Henry Taube,1,/wiki/Henry_Taube,Chemistry
1983,Gérard Debreu,1,/wiki/G%C3%A9rard_Debreu,Economy
1983,William Golding,1,/wiki/William_Golding,Literature
1983,Barbara McClintock,1,/wiki/Barbara_McClintock,Medicine
1983,Lech Wałęsa,1,/wiki/Lech_Wa%C5%82%C4%99sa,Peace
1983,Subrahmanyan Chandrasekhar,1,/wiki/Subrahmanyan_Chandrasekhar,Physics
1983,William Alfred Fowler,2,/wiki/William_Alfred_Fowler,Physics
1984,Robert Bruce Merrifield,1,/wiki/Robert_Bruce_Merrifield,Chemistry
1984,Richard Stone,1,/wiki/Richard_Stone,Economy
1984,Jaroslav Seifert,1,/wiki/Jaroslav_Seifert,Literature
1984,Niels Kaj Jerne,1,/wiki/Niels_Kaj_Jerne,Medicine
1984,Georges J. F. Köhler,2,/wiki/Georges_J._F._K%C3%B6hler,Medicine
1984,César Milstein,3,/wiki/C%C3%A9sar_Milstein,Medicine
1984,Desmond Tutu,1,/wiki/Desmond_Tutu,Peace
1984,Carlo Rubbia,1,/wiki/Carlo_Rubbia,Physics
1984,Simon van der Meer,2,/wiki/Simon_van_der_Meer,Physics
1985,Herbert A. Hauptman,1,/wiki/Herbert_A._Hauptman,Chemistry
1985,Jerome Karle,2,/wiki/Jerome_Karle,Chemistry
1985,Franco Modigliani,1,/wiki/Franco_Modigliani,Economy
1985,Claude Simon,1,/wiki/Claude_Simon,Literature
1985,Michael Stuart Brown,1,/wiki/Michael_Stuart_Brown,Medicine
1985,Joseph L. Goldstein,2,/wiki/Joseph_L._Goldstein,Medicine
1985,International Physicians for the Prevention of Nuclear War,1,/wiki/International_Physicians_for_the_Prevention_of_Nuclear_War,Peace
1985,Klaus von Klitzing,1,/wiki/Klaus_von_Klitzing,Physics
1986,Dudley R. Herschbach,1,/wiki/Dudley_R._Herschbach,Chemistry
1986,Yuan T. Lee,2,/wiki/Yuan_T._Lee,Chemistry
1986,John Polanyi,3,/wiki/John_Polanyi,Chemistry
1986,James M. Buchanan,1,/wiki/James_M._Buchanan,Economy
1986,Wole Soyinka,1,/wiki/Wole_Soyinka,Literature
1986,Stanley Cohen,1,/wiki/Stanley_Cohen_(biochemist),Medicine
1986,Rita Levi-Montalcini,2,/wiki/Rita_Levi-Montalcini,Medicine
1986,Elie Wiesel,1,/wiki/Elie_Wiesel,Peace
1986,Ernst Ruska,1,/wiki/Ernst_Ruska,Physics
1986,Gerd Binnig,2,/wiki/Gerd_Binnig,Physics
1986,Heinrich Rohrer,3,/wiki/Heinrich_Rohrer,Physics
1987,Donald J. Cram,1,/wiki/Donald_J._Cram,Chemistry
1987,Jean-Marie Lehn,2,/wiki/Jean-Marie_Lehn,Chemistry
1987,Charles J. Pedersen,3,/wiki/Charles_J._Pedersen,Chemistry
1987,Robert Solow,1,/wiki/Robert_Solow,Economy
1987,Joseph Brodsky,1,/wiki/Joseph_Brodsky,Literature
1987,Susumu Tonegawa,1,/wiki/Susumu_Tonegawa,Medicine
1987,Óscar Arias,1,/wiki/%C3%93scar_Arias,Peace
1987,Georg Bednorz,1,/wiki/Georg_Bednorz,Physics
1987,K. Alex Müller,2,/wiki/K._Alex_M%C3%BCller,Physics
1988,Johann Deisenhofer,1,/wiki/Johann_Deisenhofer,Chemistry
1988,Robert Huber,2,/wiki/Robert_Huber,Chemistry
1988,Hartmut Michel,3,/wiki/Hartmut_Michel,Chemistry
1988,Maurice Allais,1,/wiki/Maurice_Allais,Economy
1988,Naguib Mahfouz,1,/wiki/Naguib_Mahfouz,Literature
1988,James W. Black,1,/wiki/James_W._Black,Medicine
1988,Gertrude B. Elion,2,/wiki/Gertrude_B._Elion,Medicine
1988,George H. Hitchings,3,/wiki/George_H._Hitchings,Medicine
1988,United Nations peacekeeping forces,1,/wiki/United_Nations_peacekeeping,Peace
1988,Leon M. Lederman,1,/wiki/Leon_M._Lederman,Physics
1988,Melvin Schwartz,2,/wiki/Melvin_Schwartz,Physics
1988,Jack Steinberger,3,/wiki/Jack_Steinberger,Physics
1989,Sidney Altman,1,/wiki/Sidney_Altman,Chemistry
1989,Thomas Cech,2,/wiki/Thomas_Cech,Chemistry
1989,Trygve Haavelmo,1,/wiki/Trygve_Haavelmo,Economy
1989,Camilo José Cela,1,/wiki/Camilo_Jos%C3%A9_Cela,Literature
1989,J. Michael Bishop,1,/wiki/J._Michael_Bishop,Medicine
1989,Harold E. Varmus,2,/wiki/Harold_E._Varmus,Medicine
1989,Tenzin Gyatso (The 14th Dalai Lama),1,/wiki/14th_Dalai_Lama,Peace
1989,Norman Ramsey Jr.,1,/wiki/Norman_Ramsey_Jr.,Physics
1989,Hans Georg Dehmelt,2,/wiki/Hans_Georg_Dehmelt,Physics
1989,Wolfgang Paul,3,/wiki/Wolfgang_Paul,Physics
1990,Elias James Corey,1,/wiki/Elias_James_Corey,Chemistry
1990,Harry Markowitz,1,/wiki/Harry_Markowitz,Economy
1990,Merton Miller,2,/wiki/Merton_Miller,Economy
1990,William F. Sharpe,3,/wiki/William_F._Sharpe,Economy
1990,Octavio Paz,1,/wiki/Octavio_Paz,Literature
1990,Joseph Murray,1,/wiki/Joseph_Murray,Medicine
1990,E. Donnall Thomas,2,/wiki/E._Donnall_Thomas,Medicine
1990,Mikhail Gorbachev,1,/wiki/Mikhail_Gorbachev,Peace
1990,Jerome Isaac Friedman,1,/wiki/Jerome_Isaac_Friedman,Physics
1990,Henry Way Kendall,2,/wiki/Henry_Way_Kendall,Physics
1990,Richard E. Taylor,3,/wiki/Richard_E._Taylor,Physics
1991,Richard R. Ernst,1,/wiki/Richard_R._Ernst,Chemistry
1991,Ronald Coase,1,/wiki/Ronald_Coase,Economy
1991,Nadine Gordimer,1,/wiki/Nadine_Gordimer,Literature
1991,Erwin Neher,1,/wiki/Erwin_Neher,Medicine
1991,Bert Sakmann,2,/wiki/Bert_Sakmann,Medicine
1991,Aung San Suu Kyi,1,/wiki/Aung_San_Suu_Kyi,Peace
1991,Pierre-Gilles de Gennes,1,/wiki/Pierre-Gilles_de_Gennes,Physics
1992,Rudolph A. Marcus,1,/wiki/Rudolph_A._Marcus,Chemistry
1992,Gary Becker,1,/wiki/Gary_Becker,Economy
1992,Derek Walcott,1,/wiki/Derek_Walcott,Literature
1992,Edmond H. Fischer,1,/wiki/Edmond_H._Fischer,Medicine
1992,Edwin G. Krebs,2,/wiki/Edwin_G._Krebs,Medicine
1992,Rigoberta Menchú,1,/wiki/Rigoberta_Mench%C3%BA,Peace
1992,Georges Charpak,1,/wiki/Georges_Charpak,Physics
1993,Kary Mullis,1,/wiki/Kary_Mullis,Chemistry
1993,Michael Smith,2,/wiki/Michael_Smith_(chemist),Chemistry
1993,Robert Fogel,1,/wiki/Robert_Fogel,Economy
1993,Douglass North,2,/wiki/Douglass_North,Economy
1993,Toni Morrison,1,/wiki/Toni_Morrison,Literature
1993,Richard J. Roberts,1,/wiki/Richard_J._Roberts,Medicine
1993,Phillip Allen Sharp,2,/wiki/Phillip_Allen_Sharp,Medicine
1993,Nelson Mandela,1,/wiki/Nelson_Mandela,Peace
1993,F. W. de Klerk,2,/wiki/F._W._de_Klerk,Peace
1993,Russell Alan Hulse,1,/wiki/Russell_Alan_Hulse,Physics
1993,Joseph Hooton Taylor Jr.,2,/wiki/Joseph_Hooton_Taylor_Jr.,Physics
1994,George Andrew Olah,1,/wiki/George_Andrew_Olah,Chemistry
1994,John Harsanyi,1,/wiki/John_Harsanyi,Economy
1994,John Forbes Nash Jr.,2,/wiki/John_Forbes_Nash_Jr.,Economy
1994,Reinhard Selten,3,/wiki/Reinhard_Selten,Economy
1994,Kenzaburō Ōe,1,/wiki/Kenzabur%C5%8D_%C5%8Ce,Literature
1994,Alfred G. Gilman,1,/wiki/Alfred_G._Gilman,Medicine
1994,Martin Rodbell,2,/wiki/Martin_Rodbell,Medicine
1994,Yasser Arafat,1,/wiki/Yasser_Arafat,Peace
1994,Shimon Peres,2,/wiki/Shimon_Peres,Peace
1994,Yitzhak Rabin,3,/wiki/Yitzhak_Rabin,Peace
1994,Bertram Brockhouse,1,/wiki/Bertram_Brockhouse,Physics
1994,Clifford Shull,2,/wiki/Clifford_Shull,Physics
1995,Paul J. Crutzen,1,/wiki/Paul_J._Crutzen,Chemistry
1995,Mario J. Molina,2,/wiki/Mario_J._Molina,Chemistry
1995,F. Sherwood Rowland,3,/wiki/F._Sherwood_Rowland,Chemistry
1995,Robert Lucas Jr.,1,/wiki/Robert_Lucas_Jr.,Economy
1995,Seamus Heaney,1,/wiki/Seamus_Heaney,Literature
1995,Edward B. Lewis,1,/wiki/Edward_B._Lewis,Medicine
1995,Christiane Nüsslein-Volhard,2,/wiki/Christiane_N%C3%BCsslein-Volhard,Medicine
1995,Eric F. Wieschaus,3,/wiki/Eric_F._Wieschaus,Medicine
1995,Joseph Rotblat,1,/wiki/Joseph_Rotblat,Peace
1995,Pugwash Conferences on Science and World Affairs,2,/wiki/Pugwash_Conferences_on_Science_and_World_Affairs,Peace
1995,Martin Lewis Perl,1,/wiki/Martin_Lewis_Perl,Physics
1995,Frederick Reines,2,/wiki/Frederick_Reines,Physics
1996,Robert Curl,1,/wiki/Robert_Curl,Chemistry
1996,Harry Kroto,2,/wiki/Harry_Kroto,Chemistry
1996,Richard Smalley,3,/wiki/Richard_Smalley,Chemistry
1996,James Mirrlees,1,/wiki/James_Mirrlees,Economy
1996,William Vickrey,2,/wiki/William_Vickrey,Economy
1996,Wisława Szymborska,1,/wiki/Wis%C5%82awa_Szymborska,Literature
1996,Peter C. Doherty,1,/wiki/Peter_C._Doherty,Medicine
1996,Rolf M. Zinkernagel,2,/wiki/Rolf_M._Zinkernagel,Medicine
1996,Carlos Filipe Ximenes Belo,1,/wiki/Carlos_Filipe_Ximenes_Belo,Peace
1996,José Ramos-Horta,2,/wiki/Jos%C3%A9_Ramos-Horta,Peace
1996,David Lee,1,/wiki/David_Lee_(physicist),Physics
1996,Douglas Osheroff,2,/wiki/Douglas_Osheroff,Physics
1996,Robert Coleman Richardson,3,/wiki/Robert_Coleman_Richardson,Physics
1997,Paul D. Boyer,1,/wiki/Paul_D._Boyer,Chemistry
1997,John E. Walker,2,/wiki/John_E._Walker,Chemistry
1997,Jens Christian Skou,3,/wiki/Jens_Christian_Skou,Chemistry
1997,Robert C. Merton,1,/wiki/Robert_C._Merton,Economy
1997,Myron Scholes,2,/wiki/Myron_Scholes,Economy
1997,Dario Fo,1,/wiki/Dario_Fo,Literature
1997,Stanley B. Prusiner,1,/wiki/Stanley_B._Prusiner,Medicine
1997,International Campaign to Ban Landmines,1,/wiki/International_Campaign_to_Ban_Landmines,Peace
1997,Jody Williams,2,/wiki/Jody_Williams,Peace
1997,Steven Chu,1,/wiki/Steven_Chu,Physics
1997,Claude Cohen-Tannoudji,2,/wiki/Claude_Cohen-Tannoudji,Physics
1997,William Daniel Phillips,3,/wiki/William_Daniel_Phillips,Physics
1998,Walter Kohn,1,/wiki/Walter_Kohn,Chemistry
1998,John Pople,2,/wiki/John_Pople,Chemistry
1998,Amartya Sen,1,/wiki/Amartya_Sen,Economy
1998,José Saramago,1,/wiki/Jos%C3%A9_Saramago,Literature
1998,Robert F. Furchgott,1,/wiki/Robert_F._Furchgott,Medicine
1998,Louis Ignarro,2,/wiki/Louis_Ignarro,Medicine
1998,Ferid Murad,3,/wiki/Ferid_Murad,Medicine
1998,John Hume,1,/wiki/John_Hume,Peace
1998,David Trimble,2,/wiki/David_Trimble,Peace
1998,Robert B. Laughlin,1,/wiki/Robert_B._Laughlin,Physics
1998,Horst Ludwig Störmer,2,/wiki/Horst_Ludwig_St%C3%B6rmer,Physics
1998,Daniel C. Tsui,3,/wiki/Daniel_C._Tsui,Physics
1999,Ahmed Zewail,1,/wiki/Ahmed_Zewail,Chemistry
1999,Robert Mundell,1,/wiki/Robert_Mundell,Economy
1999,Günter Grass,1,/wiki/G%C3%BCnter_Grass,Literature
1999,Günter Blobel,1,/wiki/G%C3%BCnter_Blobel,Medicine
1999,Médecins Sans Frontières,1,/wiki/M%C3%A9decins_Sans_Fronti%C3%A8res,Peace
1999,Gerard 't Hooft,1,/wiki/Gerard_%27t_Hooft,Physics
1999,Martinus J. G. Veltman,2,/wiki/Martinus_J._G._Veltman,Physics
2000,Alan J. Heeger,1,/wiki/Alan_J._Heeger,Chemistry
2000,Alan MacDiarmid,2,/wiki/Alan_MacDiarmid,Chemistry
2000,Hideki Shirakawa,3,/wiki/Hideki_Shirakawa,Chemistry
2000,James Heckman,1,/wiki/James_Heckman,Economy
2000,Daniel McFadden,2,/wiki/Daniel_McFadden,Economy
2000,Gao Xingjian,1,/wiki/Gao_Xingjian,Literature
2000,Arvid Carlsson,1,/wiki/Arvid_Carlsson,Medicine
2000,Paul Greengard,2,/wiki/Paul_Greengard,Medicine
2000,Eric Kandel,3,/wiki/Eric_Kandel,Medicine
2000,Kim Dae-jung,1,/wiki/Kim_Dae-jung,Peace
2000,Jack Kilby,1,/wiki/Jack_Kilby,Physics
2000,Zhores Alferov,2,/wiki/Zhores_Alferov,Physics
2000,Herbert Kroemer,3,/wiki/Herbert_Kroemer,Physics
2001,William Standish Knowles,1,/wiki/William_Standish_Knowles,Chemistry
2001,Ryōji Noyori,2,/wiki/Ry%C5%8Dji_Noyori,Chemistry
2001,Karl Barry Sharpless,3,/wiki/Karl_Barry_Sharpless,Chemistry
2001,George Akerlof,1,/wiki/George_Akerlof,Economy
2001,Michael Spence,2,/wiki/Michael_Spence,Economy
2001,Joseph Stiglitz,3,/wiki/Joseph_Stiglitz,Economy
2001,V. S. Naipaul,1,/wiki/V._S._Naipaul,Literature
2001,Leland H. Hartwell,1,/wiki/Leland_H._Hartwell,Medicine
2001,Tim Hunt,2,/wiki/Tim_Hunt,Medicine
2001,Paul Nurse,3,/wiki/Paul_Nurse,Medicine
2001,United Nations,1,/wiki/United_Nations,Peace
2001,Kofi Annan,2,/wiki/Kofi_Annan,Peace
2001,Eric Allin Cornell,1,/wiki/Eric_Allin_Cornell,Physics
2001,Wolfgang Ketterle,2,/wiki/Wolfgang_Ketterle,Physics
2001,Carl Wieman,3,/wiki/Carl_Wieman,Physics
2002,John B. Fenn,1,/wiki/John_B._Fenn,Chemistry
2002,Koichi Tanaka,2,/wiki/Koichi_Tanaka,Chemistry
2002,Kurt Wüthrich,3,/wiki/Kurt_W%C3%BCthrich,Chemistry
2002,Daniel Kahneman,1,/wiki/Daniel_Kahneman,Economy
2002,Vernon L. Smith,2,/wiki/Vernon_L._Smith,Economy
2002,Imre Kertész,1,/wiki/Imre_Kert%C3%A9sz,Literature
2002,Sydney Brenner,1,/wiki/Sydney_Brenner,Medicine
2002,H. Robert Horvitz,2,/wiki/H._Robert_Horvitz,Medicine
2002,John Sulston,3,/wiki/John_Sulston,Medicine
2002,Jimmy Carter,1,/wiki/Jimmy_Carter,Peace
2002,Riccardo Giacconi,1,/wiki/Riccardo_Giacconi,Physics
2002,Raymond Davis Jr.,2,/wiki/Raymond_Davis_Jr.,Physics
2002,Masatoshi Koshiba,3,/wiki/Masatoshi_Koshiba,Physics
2003,Peter Agre,1,/wiki/Peter_Agre,Chemistry
2003,Roderick MacKinnon,2,/wiki/Roderick_MacKinnon,Chemistry
2003,Robert F. Engle,1,/wiki/Robert_F._Engle,Economy
2003,Clive Granger,2,/wiki/Clive_Granger,Economy
2003,J. M. Coetzee,1,/wiki/J._M._Coetzee,Literature
2003,Paul Lauterbur,1,/wiki/Paul_Lauterbur,Medicine
2003,Peter Mansfield,2,/wiki/Peter_Mansfield,Medicine
2003,Shirin Ebadi,1,/wiki/Shirin_Ebadi,Peace
2003,Alexei Abrikosov,1,/wiki/Alexei_Abrikosov_(physicist),Physics
2003,Vitaly Ginzburg,2,/wiki/Vitaly_Ginzburg,Physics
2003,Anthony James Leggett,3,/wiki/Anthony_James_Leggett,Physics
2004,Aaron Ciechanover,1,/wiki/Aaron_Ciechanover,Chemistry
2004,Avram Hershko,2,/wiki/Avram_Hershko,Chemistry
2004,Irwin Rose,3,/wiki/Irwin_Rose,Chemistry
2004,Finn E. Kydland,1,/wiki/Finn_E._Kydland,Economy
2004,Edward C. Prescott,2,/wiki/Edward_C._Prescott,Economy
2004,Elfriede Jelinek,1,/wiki/Elfriede_Jelinek,Literature
2004,Richard Axel,1,/wiki/Richard_Axel,Medicine
2004,Linda B. Buck,2,/wiki/Linda_B._Buck,Medicine
2004,Wangari Maathai,1,/wiki/Wangari_Maathai,Peace
2004,David Gross,1,/wiki/David_Gross,Physics
2004,Hugh David Politzer,2,/wiki/Hugh_David_Politzer,Physics
2004,Frank Wilczek,3,/wiki/Frank_Wilczek,Physics
2005,Yves Chauvin,1,/wiki/Yves_Chauvin,Chemistry
2005,Robert H. Grubbs,2,/wiki/Robert_H._Grubbs,Chemistry
2005,Richard R. Schrock,3,/wiki/Richard_R._Schrock,Chemistry
2005,Robert Aumann,1,/wiki/Robert_Aumann,Economy
2005,Thomas Schelling,2,/wiki/Thomas_Schelling,Economy
2005,Harold Pinter,1,/wiki/Harold_Pinter,Literature
2005,Barry Marshall,1,/wiki/Barry_Marshall,Medicine
2005,Robin Warren,2,/wiki/Robin_Warren,Medicine
2005,International Atomic Energy Agency,1,/wiki/International_Atomic_Energy_Agency,Peace
2005,Mohamed ElBaradei,2,/wiki/Mohamed_ElBaradei,Peace
2005,Roy J. Glauber,1,/wiki/Roy_J._Glauber,Physics
2005,John L. Hall,2,/wiki/John_L._Hall,Physics
2005,Theodor W. Hänsch,3,/wiki/Theodor_W._H%C3%A4nsch,Physics
2006,Roger D. Kornberg,1,/wiki/Roger_D._Kornberg,Chemistry
2006,Edmund Phelps,1,/wiki/Edmund_Phelps,Economy
2006,Orhan Pamuk,1,/wiki/Orhan_Pamuk,Literature
2006,Andrew Fire,1,/wiki/Andrew_Fire,Medicine
2006,Craig Mello,2,/wiki/Craig_Mello,Medicine
2006,Muhammad Yunus,1,/wiki/Muhammad_Yunus,Peace
2006,Grameen Bank,2,/wiki/Grameen_Bank,Peace
2006,John C. Mather,1,/wiki/John_C._Mather,Physics
2006,George Smoot,2,/wiki/George_Smoot,Physics
2007,Gerhard Ertl,1,/wiki/Gerhard_Ertl,Chemistry
2007,Leonid Hurwicz,1,/wiki/Leonid_Hurwicz,Economy
2007,Eric Maskin,2,/wiki/Eric_Maskin,Economy
2007,Roger Myerson,3,/wiki/Roger_Myerson,Economy
2007,Doris Lessing,1,/wiki/Doris_Lessing,Literature
2007,Mario Capecchi,1,/wiki/Mario_Capecchi,Medicine
2007,Martin Evans,2,/wiki/Martin_Evans,Medicine
2007,Oliver Smithies,3,/wiki/Oliver_Smithies,Medicine
2007,Intergovernmental Panel on Climate Change,1,/wiki/Intergovernmental_Panel_on_Climate_Change,Peace
2007,Al Gore,2,/wiki/Al_Gore,Peace
2007,Albert Fert,1,/wiki/Albert_Fert,Physics
2007,Peter Grünberg,2,/wiki/Peter_Gr%C3%BCnberg,Physics
2008,Osamu Shimomura,1,/wiki/Osamu_Shimomura,Chemistry
2008,Martin Chalfie,2,/wiki/Martin_Chalfie,Chemistry
2008,Roger Y. Tsien,3,/wiki/Roger_Y._Tsien,Chemistry
2008,Paul Krugman,1,/wiki/Paul_Krugman,Economy
2008,J. M. G. Le Clézio,1,/wiki/J._M._G._Le_Cl%C3%A9zio,Literature
2008,Harald zur Hausen,1,/wiki/Harald_zur_Hausen,Medicine
2008,Françoise Barré-Sinoussi,2,/wiki/Fran%C3%A7oise_Barr%C3%A9-Sinoussi,Medicine
2008,Luc Montagnier,3,/wiki/Luc_Montagnier,Medicine
2008,Martti Ahtisaari,1,/wiki/Martti_Ahtisaari,Peace
2008,Yoichiro Nambu,1,/wiki/Yoichiro_Nambu,Physics
2008,Makoto Kobayashi,2,/wiki/Makoto_Kobayashi_(physicist),Physics
2008,Toshihide Maskawa,3,/wiki/Toshihide_Maskawa,Physics
2009,Venkatraman Ramakrishnan,1,/wiki/Venkatraman_Ramakrishnan,Chemistry
2009,Thomas A. Steitz,2,/wiki/Thomas_A._Steitz,Chemistry
2009,Ada Yonath,3,/wiki/Ada_Yonath,Chemistry
2009,Elinor Ostrom,1,/wiki/Elinor_Ostrom,Economy
2009,Oliver E. Williamson,2,/wiki/Oliver_E._Williamson,Economy
2009,Herta Müller,1,/wiki/Herta_M%C3%BCller,Literature
2009,Elizabeth Blackburn,1,/wiki/Elizabeth_Blackburn,Medicine
2009,Carol W. Greider,2,/wiki/Carol_W._Greider,Medicine
2009,Jack W. Szostak,3,/wiki/Jack_W._Szostak,Medicine
2009,Barack Obama,1,/wiki/Barack_Obama,Peace
2009,Charles K. Kao,1,/wiki/Charles_K._Kao,Physics
2009,Willard S. Boyle,2,/wiki/Willard_Boyle,Physics
2009,George E. Smith,3,/wiki/George_E._Smith,Physics
2010,Richard F. Heck,1,/wiki/Richard_F._Heck,Chemistry
2010,Ei-ichi Negishi,2,/wiki/Ei-ichi_Negishi,Chemistry
2010,Akira Suzuki,3,/wiki/Akira_Suzuki_(chemist),Chemistry
2010,Peter A. Diamond,1,/wiki/Peter_Diamond,Economy
2010,Dale T. Mortensen,2,/wiki/Dale_T._Mortensen,Economy
2010,Christopher A. Pissarides,3,/wiki/Christopher_A._Pissarides,Economy
2010,Mario Vargas Llosa,1,/wiki/Mario_Vargas_Llosa,Literature
2010,Robert Edwards,1,/wiki/Robert_Edwards_(physiologist),Medicine
2010,Liu Xiaobo,1,/wiki/Liu_Xiaobo,Peace
2010,Andre Geim,1,/wiki/Andre_Geim,Physics
2010,Konstantin Novoselov,2,/wiki/Konstantin_Novoselov,Physics
2011,Dan Shechtman,1,/wiki/Dan_Shechtman,Chemistry
2011,Thomas J. Sargent,1,/wiki/Thomas_J._Sargent,Economy
2011,Christopher A. Sims,2,/wiki/Christopher_A._Sims,Economy
2011,Tomas Tranströmer,1,/wiki/Tomas_Transtr%C3%B6mer,Literature
2011,Bruce Beutler,1,/wiki/Bruce_Beutler,Medicine
2011,Jules A. Hoffmann,2,/wiki/Jules_A._Hoffmann,Medicine
2011,Ralph M. Steinman,3,/wiki/Ralph_M._Steinman,Medicine
2011,Ellen Johnson Sirleaf,1,/wiki/Ellen_Johnson_Sirleaf,Peace
2011,Leymah Gbowee,2,/wiki/Leymah_Gbowee,Peace
2011,Tawakel Karman,3,/wiki/Tawakel_Karman,Peace
2011,Saul Perlmutter,1,/wiki/Saul_Perlmutter,Physics
2011,Adam Riess,2,/wiki/Adam_Riess,Physics
2011,Brian Schmidt,3,/wiki/Brian_Schmidt,Physics
2012,Brian K. Kobilka,1,/wiki/Brian_Kobilka,Chemistry
2012,Robert J. Lefkowitz,2,/wiki/Robert_Lefkowitz,Chemistry
2012,Alvin E. Roth,1,/wiki/Alvin_E._Roth,Economy
2012,Lloyd S. Shapley,2,/wiki/Lloyd_Shapley,Economy
2012,Mo Yan,1,/wiki/Mo_Yan,Literature
2012,John B. Gurdon,1,/wiki/John_Gurdon,Medicine
2012,Shinya Yamanaka,2,/wiki/Shinya_Yamanaka,Medicine
2012,European Union,1,/wiki/European_Union,Peace
2012,Serge Haroche,1,/wiki/Serge_Haroche,Physics
2012,David J. Wineland,2,/wiki/David_J._Wineland,Physics
2013,Martin Karplus,1,/wiki/Martin_Karplus,Chemistry
2013,Michael Levitt,2,/wiki/Michael_Levitt_(biophysicist),Chemistry
2013,Arieh Warshel,3,/wiki/Arieh_Warshel,Chemistry
2013,Eugene F. Fama,1,/wiki/Eugene_Fama,Economy
2013,Lars Peter Hansen,2,/wiki/Lars_Peter_Hansen,Economy
2013,Robert J. Shiller,3,/wiki/Robert_Shiller,Economy
2013,Alice Munro,1,/wiki/Alice_Munro,Literature
2013,James E. Rothman,1,/wiki/James_Rothman,Medicine
2013,Randy W. Schekman,2,/wiki/Randy_W._Schekman,Medicine
2013,Thomas C. Südhof,3,/wiki/Thomas_C._S%C3%BCdhof,Medicine
2013,Organisation for the Prohibition of Chemical Weapons,1,/wiki/Organisation_for_the_Prohibition_of_Chemical_Weapons,Peace
2013,François Englert,1,/wiki/Fran%C3%A7ois_Englert,Physics
2013,Peter W. Higgs,2,/wiki/Peter_Higgs,Physics
2014,Eric Betzig,1,/wiki/Eric_Betzig,Chemistry
2014,Stefan Hell,2,/wiki/Stefan_Hell,Chemistry
2014,William Moerner,3,/wiki/William_Moerner,Chemistry
2014,Jean Tirole,1,/wiki/Jean_Tirole,Economy
2014,Patrick Modiano,1,/wiki/Patrick_Modiano,Literature
2014,John O'Keefe,1,/wiki/John_O%27Keefe_(neuroscientist),Medicine
2014,May-Britt Moser,2,/wiki/May-Britt_Moser,Medicine
2014,Edvard Moser,3,/wiki/Edvard_Moser,Medicine
2014,Kailash Satyarthi,1,/wiki/Kailash_Satyarthi,Peace
2014,Malala Yousafzai,2,/wiki/Malala_Yousafzai,Peace
2014,Isamu Akasaki,1,/wiki/Isamu_Akasaki,Physics
2014,Hiroshi Amano,2,/wiki/Hiroshi_Amano,Physics
2014,Shuji Nakamura,3,/wiki/Shuji_Nakamura,Physics
2015,Tomas Lindahl,1,/wiki/Tomas_Lindahl,Chemistry
2015,Paul L. Modrich,2,/wiki/Paul_Modrich,Chemistry
2015,Aziz Sancar,3,/wiki/Aziz_Sancar,Chemistry
2015,Angus Deaton,1,/wiki/Angus_Deaton,Economy
2015,Svetlana Alexievich,1,/wiki/Svetlana_Alexievich,Literature
2015,William C. Campbell,1,/wiki/William_C._Campbell_(scientist),Medicine
2015,Satoshi Ōmura,2,/wiki/Satoshi_%C5%8Cmura,Medicine
2015,Tu Youyou,3,/wiki/Tu_Youyou,Medicine
2015,Tunisian National Dialogue Quartet,1,/wiki/Tunisian_National_Dialogue_Quartet,Peace
2015,Takaaki Kajita,1,/wiki/Takaaki_Kajita,Physics
2015,Arthur B. McDonald,2,/wiki/Arthur_B._McDonald,Physics
2016,Jean-Pierre Sauvage,1,/wiki/Jean-Pierre_Sauvage,Chemistry
2016,Fraser Stoddart,2,/wiki/Fraser_Stoddart,Chemistry
2016,Ben Feringa,3,/wiki/Ben_Feringa,Chemistry
2016,Oliver Hart,1,/wiki/Oliver_Hart_(economist),Economy
2016,Bengt R. Holmström,2,/wiki/Bengt_R._Holmstr%C3%B6m,Economy
2016,Bob Dylan,1,/wiki/Bob_Dylan,Literature
2016,Yoshinori Ohsumi,1,/wiki/Yoshinori_Ohsumi,Medicine
2016,Juan Manuel Santos,1,/wiki/Juan_Manuel_Santos,Peace
2016,David J. Thouless,1,/wiki/David_J._Thouless,Physics
2016,Duncan Haldane,2,/wiki/Duncan_Haldane,Physics
2016,John M. Kosterlitz,3,/wiki/John_M._Kosterlitz,Physics
2017,Jacques Dubochet,1,/wiki/Jacques_Dubochet,Chemistry
2017,Joachim Frank,2,/wiki/Joachim_Frank,Chemistry
2017,Richard Henderson,3,/wiki/Richard_Henderson_(biologist),Chemistry
2017,Richard Thaler,1,/wiki/Richard_Thaler,Economy
2017,Kazuo Ishiguro,1,/wiki/Kazuo_Ishiguro,Literature
2017,Jeffrey C. Hall,1,/wiki/Jeffrey_C._Hall,Medicine
2017,Michael Rosbash,2,/wiki/Michael_Rosbash,Medicine
2017,Michael W. Young,3,/wiki/Michael_W._Young,Medicine
2017,International Campaign to Abolish Nuclear Weapons,1,/wiki/International_Campaign_to_Abolish_Nuclear_Weapons,Peace
2017,Rainer Weiss,1,/wiki/Rainer_Weiss,Physics
2017,Barry Barish,2,/wiki/Barry_Barish,Physics
2017,Kip Thorne,3,/wiki/Kip_Thorne,Physics
2018,Frances H. Arnold,1,/wiki/Frances_H._Arnold,Chemistry
2018,George Smith,2,/wiki/George_Smith_(chemist),Chemistry
2018,Greg Winter,3,/wiki/Greg_Winter,Chemistry
2018,William Nordhaus,1,/wiki/William_Nordhaus,Economy
2018,Paul Romer,2,/wiki/Paul_Romer,Economy
2018,Olga Tokarczuk,1,/wiki/Olga_Tokarczuk,Literature
2018,James P. Allison,1,/wiki/James_P._Allison,Medicine
2018,Tasuku Honjo,2,/wiki/Tasuku_Honjo,Medicine
2018,Denis Mukwege,1,/wiki/Denis_Mukwege,Peace
2018,Nadia Murad,2,/wiki/Nadia_Murad,Peace
2018,Arthur Ashkin,1,/wiki/Arthur_Ashkin,Physics
2018,Gérard Mourou,2,/wiki/G%C3%A9rard_Mourou,Physics
2018,Donna Strickland,3,/wiki/Donna_Strickland,Physics
2019,John B. Goodenough,1,/wiki/John_B._Goodenough,Chemistry
2019,M. Stanley Whittingham,2,/wiki/M._Stanley_Whittingham,Chemistry
2019,Akira Yoshino,3,/wiki/Akira_Yoshino,Chemistry
2019,Abhijit Banerjee,1,/wiki/Abhijit_Banerjee,Economy
2019,Esther Duflo,2,/wiki/Esther_Duflo,Economy
2019,Michael Kremer,3,/wiki/Michael_Kremer,Economy
2019,Peter Handke,1,/wiki/Peter_Handke,Literature
2019,William Kaelin Jr.,1,/wiki/William_Kaelin_Jr.,Medicine
2019,Peter J. Ratcliffe,2,/wiki/Peter_J._Ratcliffe,Medicine
2019,Gregg L. Semenza,3,/wiki/Gregg_L._Semenza,Medicine
2019,Abiy Ahmed,1,/wiki/Abiy_Ahmed,Peace
2019,Jim Peebles,1,/wiki/Jim_Peebles,Physics
2019,Michel Mayor,2,/wiki/Michel_Mayor,Physics
2019,Didier Queloz,3,/wiki/Didier_Queloz,Physics
2020,Emmanuelle Charpentier,1,/wiki/Emmanuelle_Charpentier,Chemistry
2020,Jennifer Doudna,2,/wiki/Jennifer_Doudna,Chemistry
2020,Paul Milgrom,1,/wiki/Paul_Milgrom,Economy
2020,Robert B. Wilson,2,/wiki/Robert_B._Wilson,Economy
2020,Louise Glück,1,/wiki/Louise_Gl%C3%BCck,Literature
2020,Harvey J. Alter,1,/wiki/Harvey_J._Alter,Medicine
2020,Michael Houghton,2,/wiki/Michael_Houghton_(virologist),Medicine
2020,Charles M. Rice,3,/wiki/Charles_M._Rice,Medicine
2020,World Food Programme,1,/wiki/World_Food_Programme,Peace
2020,Roger Penrose,1,/wiki/Roger_Penrose,Physics
2020,Reinhard Genzel,2,/wiki/Reinhard_Genzel,Physics
2020,Andrea M. Ghez,3,/wiki/Andrea_M._Ghez,Physics
2021,Benjamin List,1,/wiki/Benjamin_List,Chemistry
2021,David MacMillan,2,/wiki/David_MacMillan,Chemistry
2021,David Card,1,/wiki/David_Card,Economy
2021,Joshua Angrist,2,/wiki/Joshua_Angrist,Economy
2021,Guido Imbens,3,/wiki/Guido_Imbens,Economy
2021,Abdulrazak Gurnah,1,/wiki/Abdulrazak_Gurnah,Literature
2021,David Julius,1,/wiki/David_Julius,Medicine
2021,Ardem Patapoutian,2,/wiki/Ardem_Patapoutian,Medicine
2021,Maria Ressa,1,/wiki/Maria_Ressa,Peace
2021,Dmitry Muratov,2,/wiki/Dmitry_Muratov,Peace
2021,Giorgio Parisi,1,/wiki/Giorgio_Parisi,Physics
2021,Klaus Hasselmann,2,/wiki/Klaus_Hasselmann,Physics
2021,Syukuro Manabe,3,/wiki/Syukuro_Manabe,Physics
2022,Carolyn Bertozzi,1,/wiki/Carolyn_Bertozzi,Chemistry
2022,Morten P. Meldal,2,/wiki/Morten_P._Meldal,Chemistry
2022,Karl Barry Sharpless,3,/wiki/Karl_Barry_Sharpless,Chemistry
2022,Ben Bernanke,1,/wiki/Ben_Bernanke,Economy
2022,Douglas Diamond,2,/wiki/Douglas_Diamond,Economy
2022,Philip H. Dybvig,3,/wiki/Philip_H._Dybvig,Economy
2022,Annie Ernaux,1,/wiki/Annie_Ernaux,Literature
2022,Svante Pääbo,1,/wiki/Svante_P%C3%A4%C3%A4bo,Medicine
2022,Ales Bialiatski,1,/wiki/Ales_Bialiatski,Peace
2022,Memorial,2,/wiki/Memorial_(society),Peace
2022,Centre for Civil Liberties,3,/wiki/Center_for_Civil_Liberties_(human_rights_organization),Peace
2022,Alain Aspect,1,/wiki/Alain_Aspect,Physics
2022,John Clauser,2,/wiki/John_Clauser,Physics
2022,Anton Zeilinger,3,/wiki/Anton_Zeilinger,Physics
2023,Moungi Bawendi,1,/wiki/Moungi_Bawendi,Chemistry
2023,Louis E. Brus,2,/wiki/Louis_E._Brus,Chemistry
2023,Alexey Ekimov,3,/wiki/Alexey_Ekimov,Chemistry
2023,Claudia Goldin,1,/wiki/Claudia_Goldin,Economy
2023,Jon Fosse,1,/wiki/Jon_Fosse,Literature
2023,Katalin Karikó,1,/wiki/Katalin_Karik%C3%B3,Medicine
2023,Drew Weissman,2,/wiki/Drew_Weissman,Medicine
2023,Narges Mohammadi,1,/wiki/Narges_Mohammadi,Peace
2023,Pierre Agostini,1,/wiki/Pierre_Agostini,Physics
2023,Ferenc Krausz,2,/wiki/Ferenc_Krausz,Physics
2023,Anne L'Huillier,3,/wiki/Anne_L%27Huillier,Physics
2024,David Baker,1,/wiki/David_Baker_(biochemist),Chemistry
2024,Demis Hassabis,2,/wiki/Demis_Hassabis,Chemistry
2024,John M. Jumper,3,/wiki/John_M._Jumper,Chemistry
2024,Daron Acemoglu,1,/wiki/Daron_Acemoglu,Economy
2024, Simon Johnson,2,/wiki/Simon_Johnson_(economist),Economy
2024,James A. Robinson,3,/wiki/James_A._Robinson,Economy
2024,Han Kang,1,/wiki/Han_Kang,Literature
2024,Victor Ambros,1,/wiki/Victor_Ambros,Medicine
2024,Gary Ruvkun,2,/wiki/Gary_Ruvkun,Medicine
2024,Nihon Hidankyo,1,/wiki/Nihon_Hidankyo,Peace
2024,John Hopfield,1,/wiki/John_Hopfield,Physics
2024,Geoffrey Hinton,2,/wiki/Geoffrey_Hinton,Physics
